{"cameraMode":{"drawMode":0,"name":"Shaded","section":"Shading Mode"},"sceneLighting":true,"audioPlay":false,"sceneViewState":{"showFog":true,"showMaterialUpdate":false,"showSkybox":true,"showFlares":true,"showImageEffects":true,"showParticleSystems":true},"in2DMode":false,"pivot":{"x":407.62322998046877,"y":217.884765625,"z":154.623046875},"rotation":{"x":0.002460941905155778,"y":-0.996753454208374,"z":0.07339303195476532,"w":0.033486247062683108},"size":9.427290916442871,"orthographic":true}